{"cameraMode":{"drawMode":0,"name":"Shaded","section":"Shading Mode"},"sceneLighting":false,"audioPlay":false,"sceneViewState":{"showFog":true,"showMaterialUpdate":false,"showSkybox":false,"showFlares":true,"showImageEffects":true,"showParticleSystems":true},"in2DMode":false,"pivot":{"x":-0.23060956597328187,"y":-29.460561752319337,"z":-2.8869478702545168},"rotation":{"x":-0.7143855094909668,"y":-0.032052330672740939,"z":0.032839640974998477,"w":-0.6982656121253967},"size":29.907377243041993,"orthographic":false}