{"cameraMode":{"drawMode":0,"name":"Shaded","section":"Shading Mode"},"sceneLighting":false,"audioPlay":false,"sceneViewState":{"showFog":true,"showMaterialUpdate":false,"showSkybox":false,"showFlares":true,"showImageEffects":true,"showParticleSystems":true},"in2DMode":false,"pivot":{"x":-7.450580596923828e-9,"y":0.027671214193105699,"z":-0.04588760435581207},"rotation":{"x":-0.03955945000052452,"y":0.6611632704734802,"z":-0.034947458654642108,"w":-0.7483871579170227},"size":0.36022689938545229,"orthographic":false}