{"cameraMode":{"drawMode":0,"name":"Shaded","section":"Shading Mode"},"sceneLighting":true,"audioPlay":false,"sceneViewState":{"showFog":true,"showMaterialUpdate":false,"showSkybox":true,"showFlares":true,"showImageEffects":true,"showParticleSystems":true},"in2DMode":false,"pivot":{"x":-0.4804207980632782,"y":-0.38212621212005618,"z":0.06621028482913971},"rotation":{"x":-0.17773771286010743,"y":-0.522132396697998,"z":0.11227675527334213,"w":-0.8265501856803894},"size":3.6569316387176515,"orthographic":false}