{"cameraMode":{"drawMode":0,"name":"Shaded","section":"Shading Mode"},"sceneLighting":false,"audioPlay":false,"sceneViewState":{"showFog":true,"showMaterialUpdate":false,"showSkybox":false,"showFlares":true,"showImageEffects":true,"showParticleSystems":true},"in2DMode":false,"pivot":{"x":0.0,"y":0.07519228756427765,"z":-0.017327193170785905},"rotation":{"x":-0.08356429636478424,"y":-0.12314729392528534,"z":0.010407316498458386,"w":-0.9888101816177368},"size":0.6023789048194885,"orthographic":false}